name,date,title,review,rating
blinscomb,15 May 2019," Captain America ruins it
",This guy is a horrible actor and ruins the whole experience,1
masssunka,9 May 2019," Was promised a chocolate cake, turned out to be cake of manure.
",This guy is a horrible actor and ruins the whole experience,1
abdulbashur,13 May 2019," Totally overrated!! Terrible film with several plot holes
",This guy is a horrible actor and ruins the whole experience,1
blindsniper-85919,28 April 2019," Way too many fanboys overlooking glaring issues
",This guy is a horrible actor and ruins the whole experience,1
with_blackstars,13 May 2019," Illogical and Convoluted
",This guy is a horrible actor and ruins the whole experience,1
ekilekil,11 May 2019," Disappointed..Tamil dubbing poor
",This guy is a horrible actor and ruins the whole experience,1
psychosis_64,2 May 2019," Miserable Ending to everything Good. Right from the Start!!
",This guy is a horrible actor and ruins the whole experience,1
waqashbutt,6 May 2019," Meh
",This guy is a horrible actor and ruins the whole experience,1
chatorech,6 May 2019," Extremely overhyped
",This guy is a horrible actor and ruins the whole experience,1
philipp-buchecker,24 April 2019," OK, but not as epic as expected
",This guy is a horrible actor and ruins the whole experience,7
jcoultis,12 May 2019," Boring
",This guy is a horrible actor and ruins the whole experience,1
hamidrezaie-26412,26 April 2019," Really messy
",This guy is a horrible actor and ruins the whole experience,6
alanaawram,16 May 2019," disguested. i feel lead on
",This guy is a horrible actor and ruins the whole experience,1
visa-80992,10 May 2019," Extremely Disappointed!
",This guy is a horrible actor and ruins the whole experience,1
azharsonu,12 May 2019," An emotional marvel
",This guy is a horrible actor and ruins the whole experience,1
wick27,29 April 2019," A decade to build, just 181-minutes to destroy......
",This guy is a horrible actor and ruins the whole experience,2
thomasdekoning1996,24 April 2019," The most satisfying ending, just like the Russo's said.
",This guy is a horrible actor and ruins the whole experience,10
stevenkoenig-16040,5 May 2019," I don't understand the hype
",This guy is a horrible actor and ruins the whole experience,1
stomes85,2 May 2019," Taco Tuesday librarian Hulk?
",This guy is a horrible actor and ruins the whole experience,1
salu_ka,3 May 2019," Full of disappointment
","In my opinion, they should have never filmed Endgame, it would be much better to finish everything with Infinity War, it would be much better because Infinity War was THE BEST EVER. and Endgame was very, very weak movie compared to it or any other marcel movie. I would prefer to not have seen Endgame.",1
engkarim-82135,2 May 2019," My rate
","In my opinion, they should have never filmed Endgame, it would be much better to finish everything with Infinity War, it would be much better because Infinity War was THE BEST EVER. and Endgame was very, very weak movie compared to it or any other marcel movie. I would prefer to not have seen Endgame.",1
bambijepsen,1 May 2019," Meh!
",This guy is a horrible actor and ruins the whole experience,1
yolosph,1 May 2019," Totally waste of time
",This guy is a horrible actor and ruins the whole experience,1
k_l_harish,2 May 2019," Worst Avengers Film. Infinity War was 14 million Times Better!
",This guy is a horrible actor and ruins the whole experience,1
punitprakash,30 April 2019," Disappointing and unsatisfying
","In my opinion, they should have never filmed Endgame, it would be much better to finish everything with Infinity War, it would be much better because Infinity War was THE BEST EVER. and Endgame was very, very weak movie compared to it or any other marcel movie. I would prefer to not have seen Endgame.",1
iline-79605,1 May 2019," Worst Marvel movie to date
",This guy is a horrible actor and ruins the whole experience,1
cyrusnasserystar,27 April 2019," I MADE AN ACCOUNT JUST TO SAY HOW BAD THIS MOVIE WAS
",This guy is a horrible actor and ruins the whole experience,1
ariaram,29 April 2019," waste of time
",Very bad movie just waste of time and money. in the first two hours of the movie nothing happen.,1
kumabijay,28 April 2019," nothing new
",Very bad movie just waste of time and money. in the first two hours of the movie nothing happen.,1
shiz-174-875258,4 May 2019," Not sure what the hype was about?
",Probably one of the worst Avengers movie to date. The plot was extremely childish and did not make sense. Completely went astray from the plot described in the comics. Very disappointed...,1
rafaelsejic,6 May 2019," Overhyped
",Probably one of the worst Avengers movie to date. The plot was extremely childish and did not make sense. Completely went astray from the plot described in the comics. Very disappointed...,1
vamsi-2390,12 May 2019," Missing big time on action
",This guy is a horrible actor and ruins the whole experience,1
vengeance20,30 April 2019," Too long, Overrated, Mediocre, Badly Paced, Etc
",Very bad movie just waste of time and money. in the first two hours of the movie nothing happen.,2
gtaresti,29 April 2019," Disappointed
",Very bad movie just waste of time and money. in the first two hours of the movie nothing happen.,1
fadyrf,29 April 2019," from a marvel comic book reader point of view
",Very bad movie just waste of time and money. in the first two hours of the movie nothing happen.,2
weemalky,12 May 2019," Utter garbage
",Probably one of the worst Avengers movie to date. The plot was extremely childish and did not make sense. Completely went astray from the plot described in the comics. Very disappointed...,1
krishangsaini,11 May 2019," Use of time machine to reverse infinity is pathetic
",Probably one of the worst Avengers movie to date. The plot was extremely childish and did not make sense. Completely went astray from the plot described in the comics. Very disappointed...,1
salutary,9 May 2019," Boring!!!
",Probably one of the worst Avengers movie to date. The plot was extremely childish and did not make sense. Completely went astray from the plot described in the comics. Very disappointed...,1
ozgur523,5 May 2019," time travel mess
","I am very disoppointed ,actualy i know ,at the end if infinity war ,they gonna make it mess with ant man and time travel ,hardlu you see other charcters ,the way they make hulk off realy mess",1
jalidav1980,26 April 2019," Not the Endgame I hoped for
","Well first off, Infinity War is one of my favourite movies of all time, and I feel the expectations I had built from that, has impacted how I feel about this movie.",6
Mardolin,24 April 2019," A little bit underwhelmed
","Well first off, Infinity War is one of my favourite movies of all time, and I feel the expectations I had built from that, has impacted how I feel about this movie.",8
manmeetspahwa,29 April 2019," very boring movie . request dont waste your money
",Very bad movie just waste of time and money. in the first two hours of the movie nothing happen.,1
mohamaddallashe,27 April 2019," Only Disappointment !
",Very bad movie just waste of time and money. in the first two hours of the movie nothing happen.,1
dini_bogdan,2 May 2019," worst movie plot ever
",Very bad movie just waste of time and money. in the first two hours of the movie nothing happen.,1
alperkaanboz,30 April 2019," Absolutely OVERHYPED garbage, nothing more!!!
",Very bad movie just waste of time and money. in the first two hours of the movie nothing happen.,1
ackarmiky,6 May 2019," 1/10
",Probably one of the worst Avengers movie to date. The plot was extremely childish and did not make sense. Completely went astray from the plot described in the comics. Very disappointed...,1
jsimbumbu,6 May 2019," Back To The Avengers Endgame? Stupid ridiculous time wasting rubbish
",Probably one of the worst Avengers movie to date. The plot was extremely childish and did not make sense. Completely went astray from the plot described in the comics. Very disappointed...,1
ahamdshawaf,5 May 2019," The infinity war is better than endgame
",Probably one of the worst Avengers movie to date. The plot was extremely childish and did not make sense. Completely went astray from the plot described in the comics. Very disappointed...,1
kaintrust,4 May 2019," 2.5 hours of dramas and flashbacks torture with 30 min of action
",Probably one of the worst Avengers movie to date. The plot was extremely childish and did not make sense. Completely went astray from the plot described in the comics. Very disappointed...,1
tns-83391,29 April 2019," TOTAL DISASTER
","I am very disoppointed ,actualy i know ,at the end if infinity war ,they gonna make it mess with ant man and time travel ,hardlu you see other charcters ,the way they make hulk off realy mess",1
bcindrick,28 April 2019," Really disappointing!!!
","I am very disoppointed ,actualy i know ,at the end if infinity war ,they gonna make it mess with ant man and time travel ,hardlu you see other charcters ,the way they make hulk off realy mess",1
constantinejack,1 May 2019," Can we please get this off the TOP 250? Thanks
","I am very disoppointed ,actualy i know ,at the end if infinity war ,they gonna make it mess with ant man and time travel ,hardlu you see other charcters ,the way they make hulk off realy mess",1
mal-cullen,1 May 2019," What a shame
","Well first off, Infinity War is one of my favourite movies of all time, and I feel the expectations I had built from that, has impacted how I feel about this movie.",1
omega14K,1 May 2019," Epic fail
","Well first off, Infinity War is one of my favourite movies of all time, and I feel the expectations I had built from that, has impacted how I feel about this movie.",1
jwniebling,30 April 2019," Waste of money
","Well first off, Infinity War is one of my favourite movies of all time, and I feel the expectations I had built from that, has impacted how I feel about this movie.",1
neraprojects,27 April 2019," I see only - Loose ends
",Very bad movie just waste of time and money. in the first two hours of the movie nothing happen.,1
nicolas-cristache,27 April 2019," 3 hours of garbage
",Very bad movie just waste of time and money. in the first two hours of the movie nothing happen.,1
docpal,27 April 2019," Avengers: Endgame lets just call it repeated story lines from the past films!
",Very bad movie just waste of time and money. in the first two hours of the movie nothing happen.,1
rahuls-20481,29 April 2019," Highly disappointed :(
",Probably one of the worst Avengers movie to date. The plot was extremely childish and did not make sense. Completely went astray from the plot described in the comics. Very disappointed...,1
driverinteractive_st,13 May 2019," More stars than it deserves
",Probably one of the worst Avengers movie to date. The plot was extremely childish and did not make sense. Completely went astray from the plot described in the comics. Very disappointed...,1
tristanostara,28 April 2019," The highest grossing most disappointing marvel film of all time
",Probably one of the worst Avengers movie to date. The plot was extremely childish and did not make sense. Completely went astray from the plot described in the comics. Very disappointed...,1
jr-45479,6 May 2019," I AM DONE WITH MARVEL AND DISNEY!!!
",Probably one of the worst Avengers movie to date. The plot was extremely childish and did not make sense. Completely went astray from the plot described in the comics. Very disappointed...,1
jim_clark21-82-472310,28 April 2019," What a load of guff!
","I am very disoppointed ,actualy i know ,at the end if infinity war ,they gonna make it mess with ant man and time travel ,hardlu you see other charcters ,the way they make hulk off realy mess",1
samurrayexists,29 April 2019," Not Great
","I am very disoppointed ,actualy i know ,at the end if infinity war ,they gonna make it mess with ant man and time travel ,hardlu you see other charcters ,the way they make hulk off realy mess",1
jhonrl,2 May 2019," WHY, WHY, WHY?????? Really???
","Well first off, Infinity War is one of my favourite movies of all time, and I feel the expectations I had built from that, has impacted how I feel about this movie.",1
monkeykingpokemongo,29 April 2019," Overrated movie
","Well first off, Infinity War is one of my favourite movies of all time, and I feel the expectations I had built from that, has impacted how I feel about this movie.",1
mrdmp-21311,29 April 2019," Over rated and over long.
","Well first off, Infinity War is one of my favourite movies of all time, and I feel the expectations I had built from that, has impacted how I feel about this movie.",1
joopeti,30 April 2019," Boring
",Very bad movie just waste of time and money. in the first two hours of the movie nothing happen.,1
filipjaksicjaksa,27 April 2019," I just want you to know, full disclosure, I loved this film!!
",Very bad movie just waste of time and money. in the first two hours of the movie nothing happen.,1
javedbizzworkz,1 May 2019," Worst movie of the year
",Very bad movie just waste of time and money. in the first two hours of the movie nothing happen.,1
hartleysane,30 April 2019," Do not go in blind.
",Very bad movie just waste of time and money. in the first two hours of the movie nothing happen.,2
mhajj-96668,28 April 2019," Overrated
",Probably one of the worst Avengers movie to date. The plot was extremely childish and did not make sense. Completely went astray from the plot described in the comics. Very disappointed...,1
peterguyton-08795,29 April 2019," Resorting to Time Travel says it all.
",Probably one of the worst Avengers movie to date. The plot was extremely childish and did not make sense. Completely went astray from the plot described in the comics. Very disappointed...,2
stevealfieholmes,8 May 2019," Indulgent rubbish
",Probably one of the worst Avengers movie to date. The plot was extremely childish and did not make sense. Completely went astray from the plot described in the comics. Very disappointed...,1
mrbwade,28 April 2019," Bitterly Dissapointed
","I am very disoppointed ,actualy i know ,at the end if infinity war ,they gonna make it mess with ant man and time travel ,hardlu you see other charcters ,the way they make hulk off realy mess",1
akshaykumarps,29 April 2019," Infinity war is better
","I am very disoppointed ,actualy i know ,at the end if infinity war ,they gonna make it mess with ant man and time travel ,hardlu you see other charcters ,the way they make hulk off realy mess",1
soulkeeperbg,28 April 2019," I am so glad Marvel aren't making more movies!
","I am very disoppointed ,actualy i know ,at the end if infinity war ,they gonna make it mess with ant man and time travel ,hardlu you see other charcters ,the way they make hulk off realy mess",1
ashishrawat-57510,9 May 2019," Illogical movie
","I am very disoppointed ,actualy i know ,at the end if infinity war ,they gonna make it mess with ant man and time travel ,hardlu you see other charcters ,the way they make hulk off realy mess",1
raudafitriani,24 April 2019," An experience you'll gonna remember forever.
","There is no way that I could describe my emotions for this movie. I'm totally speechless. I haven't laughed (even cried) this much in Marvel movie or even in any movie. I'm fully on my emotion, there are so many tears of joy and loss. Amazing story, the acting is outstanding, epic action, great CGI, the best storytelling ever told in a superhero movie, amazing performance. I love it more than 3000.",10
ocr-94520,1 May 2019," It had 2.5 hours of blah blah and hardly 30 minutes of action
","Well first off, Infinity War is one of my favourite movies of all time, and I feel the expectations I had built from that, has impacted how I feel about this movie.",1
korayctnx,4 May 2019," IT CAN'T BELONG MARVEL
","Well first off, Infinity War is one of my favourite movies of all time, and I feel the expectations I had built from that, has impacted how I feel about this movie.",1
pirates_of_the_carib-352-335834,8 May 2019," -Disappointed-
","Well first off, Infinity War is one of my favourite movies of all time, and I feel the expectations I had built from that, has impacted how I feel about this movie.",1
eliasfarah-30738,25 April 2019," Epic movie but no where near 10/10
","Well first off, Infinity War is one of my favourite movies of all time, and I feel the expectations I had built from that, has impacted how I feel about this movie.",7
antimirmirel,2 May 2019," Garbage..
",Very bad movie just waste of time and money. in the first two hours of the movie nothing happen.,1
Humazza-154-782286,30 April 2019," Boring , too long and expected.
",Very bad movie just waste of time and money. in the first two hours of the movie nothing happen.,2
plabarca-18301,2 May 2019," I fkn hated it
",Very bad movie just waste of time and money. in the first two hours of the movie nothing happen.,1
tromanova,29 April 2019," It was terrible
",Very bad movie just waste of time and money. in the first two hours of the movie nothing happen.,2
amgad-2,5 May 2019," Total disappointment
",Probably one of the worst Avengers movie to date. The plot was extremely childish and did not make sense. Completely went astray from the plot described in the comics. Very disappointed...,1
donniebaker-11488,5 May 2019," How did they mess it up that bad? Good films for years... Until now.
",Probably one of the worst Avengers movie to date. The plot was extremely childish and did not make sense. Completely went astray from the plot described in the comics. Very disappointed...,1
lloyd-44419,3 May 2019," Incredibly disappointing
",Probably one of the worst Avengers movie to date. The plot was extremely childish and did not make sense. Completely went astray from the plot described in the comics. Very disappointed...,5
s_bowler,4 May 2019," Worst Marvel Yet!!
",Probably one of the worst Avengers movie to date. The plot was extremely childish and did not make sense. Completely went astray from the plot described in the comics. Very disappointed...,1
coleben-04266,9 May 2019," This movie was the worst, most cringeworthy waste of a good story I have ever seen
","I am very disoppointed ,actualy i know ,at the end if infinity war ,they gonna make it mess with ant man and time travel ,hardlu you see other charcters ,the way they make hulk off realy mess",1
rahulkochhar1,8 May 2019," The movie is a joke
","I am very disoppointed ,actualy i know ,at the end if infinity war ,they gonna make it mess with ant man and time travel ,hardlu you see other charcters ,the way they make hulk off realy mess",1
dhiraj-yahoo,8 May 2019," Dissapointing
","I am very disoppointed ,actualy i know ,at the end if infinity war ,they gonna make it mess with ant man and time travel ,hardlu you see other charcters ,the way they make hulk off realy mess",1
harold-jimenez,7 May 2019," Is this movie from the same guys who made The Last Jedi??
","I am very disoppointed ,actualy i know ,at the end if infinity war ,they gonna make it mess with ant man and time travel ,hardlu you see other charcters ,the way they make hulk off realy mess",1
ahmetkozan,25 April 2019," The End of an Era!
","There is no way that I could describe my emotions for this movie. I'm totally speechless. I haven't laughed (even cried) this much in Marvel movie or even in any movie. I'm fully on my emotion, there are so many tears of joy and loss. Amazing story, the acting is outstanding, epic action, great CGI, the best storytelling ever told in a superhero movie, amazing performance. I love it more than 3000.",10
larshoeijmans,24 April 2019," The ending made all 22 movies worth it
","There is no way that I could describe my emotions for this movie. I'm totally speechless. I haven't laughed (even cried) this much in Marvel movie or even in any movie. I'm fully on my emotion, there are so many tears of joy and loss. Amazing story, the acting is outstanding, epic action, great CGI, the best storytelling ever told in a superhero movie, amazing performance. I love it more than 3000.",10
SharkByteAudioProductions,24 April 2019," Overall an epic conclusion but inferior to Infinity War's pace and energy (SPOILER FREE)
","There is no way that I could describe my emotions for this movie. I'm totally speechless. I haven't laughed (even cried) this much in Marvel movie or even in any movie. I'm fully on my emotion, there are so many tears of joy and loss. Amazing story, the acting is outstanding, epic action, great CGI, the best storytelling ever told in a superhero movie, amazing performance. I love it more than 3000.",8
SunDre,5 May 2019," Marvel Did the Typical BS with Female Characters - FYI Wait Until it comes out on Blu-Ray
","Well first off, Infinity War is one of my favourite movies of all time, and I feel the expectations I had built from that, has impacted how I feel about this movie.",1
orkunyasa,4 May 2019," Not good.
","Well first off, Infinity War is one of my favourite movies of all time, and I feel the expectations I had built from that, has impacted how I feel about this movie.",1
miller420,18 May 2019," Ending was trash.
","Well first off, Infinity War is one of my favourite movies of all time, and I feel the expectations I had built from that, has impacted how I feel about this movie.",1
lh-kirkeby,5 May 2019," Movies are a matter of taste...And this movie is really bad taste
",Very bad movie just waste of time and money. in the first two hours of the movie nothing happen.,1
andretraboulsy,6 May 2019," Worst than Avengers Infiniti War.
",Very bad movie just waste of time and money. in the first two hours of the movie nothing happen.,1
mcelise,6 May 2019," Unnecessary plots
",Very bad movie just waste of time and money. in the first two hours of the movie nothing happen.,1
thecarlsberg,4 May 2019," Fanboys, fanboys
",Probably one of the worst Avengers movie to date. The plot was extremely childish and did not make sense. Completely went astray from the plot described in the comics. Very disappointed...,1
teresa_costa-45101,26 April 2019," THE WORST MOVIE
",Probably one of the worst Avengers movie to date. The plot was extremely childish and did not make sense. Completely went astray from the plot described in the comics. Very disappointed...,1
dj_luckyan,7 May 2019," Overated!!!
",Probably one of the worst Avengers movie to date. The plot was extremely childish and did not make sense. Completely went astray from the plot described in the comics. Very disappointed...,1
yingxiul,28 April 2019," Really? Rating at 9.1?
",Probably one of the worst Avengers movie to date. The plot was extremely childish and did not make sense. Completely went astray from the plot described in the comics. Very disappointed...,1
dustusingh,7 May 2019," Highly Disappointing one of the worst movies of MCU
","I am very disoppointed ,actualy i know ,at the end if infinity war ,they gonna make it mess with ant man and time travel ,hardlu you see other charcters ,the way they make hulk off realy mess",1
mohamadkaraki-91731,4 May 2019," Don't believe the hype! 3 hours of garbage...
","I am very disoppointed ,actualy i know ,at the end if infinity war ,they gonna make it mess with ant man and time travel ,hardlu you see other charcters ,the way they make hulk off realy mess",1
willboy-41349,27 April 2019," IM SHOOK
","I am very disoppointed ,actualy i know ,at the end if infinity war ,they gonna make it mess with ant man and time travel ,hardlu you see other charcters ,the way they make hulk off realy mess",1
theroo200182,26 April 2019," Amazing, but the more I dwell on it the worse it becomes
","There is no way that I could describe my emotions for this movie. I'm totally speechless. I haven't laughed (even cried) this much in Marvel movie or even in any movie. I'm fully on my emotion, there are so many tears of joy and loss. Amazing story, the acting is outstanding, epic action, great CGI, the best storytelling ever told in a superhero movie, amazing performance. I love it more than 3000.",6
Paynebyname,4 May 2019," The writers got carried away, the directors over reached and the studio sacrificed the integrity of their product.
","There is no way that I could describe my emotions for this movie. I'm totally speechless. I haven't laughed (even cried) this much in Marvel movie or even in any movie. I'm fully on my emotion, there are so many tears of joy and loss. Amazing story, the acting is outstanding, epic action, great CGI, the best storytelling ever told in a superhero movie, amazing performance. I love it more than 3000.",5
JMichaletos,25 April 2019," Overhyped. Infinity War was WAY Better
","There is no way that I could describe my emotions for this movie. I'm totally speechless. I haven't laughed (even cried) this much in Marvel movie or even in any movie. I'm fully on my emotion, there are so many tears of joy and loss. Amazing story, the acting is outstanding, epic action, great CGI, the best storytelling ever told in a superhero movie, amazing performance. I love it more than 3000.",6
andy_aldana,3 May 2019," Catharsis
","Well first off, Infinity War is one of my favourite movies of all time, and I feel the expectations I had built from that, has impacted how I feel about this movie.",1
jmirabello,29 April 2019," Hulk gets no second chance to fight Thanos
","Well first off, Infinity War is one of my favourite movies of all time, and I feel the expectations I had built from that, has impacted how I feel about this movie.",1
Warp_Rogue,27 April 2019," Just the hype
","Well first off, Infinity War is one of my favourite movies of all time, and I feel the expectations I had built from that, has impacted how I feel about this movie.",1
ngellis-26702,5 May 2019," Long and sucky
",Very bad movie just waste of time and money. in the first two hours of the movie nothing happen.,1
NickSov,11 May 2019," Terrible Dialogue/Script and Visuals Sucked - Why the high ratings!?
",Very bad movie just waste of time and money. in the first two hours of the movie nothing happen.,1
dausdaus,14 May 2019," A mess of a movie
",Probably one of the worst Avengers movie to date. The plot was extremely childish and did not make sense. Completely went astray from the plot described in the comics. Very disappointed...,1
parmetd,26 April 2019," so many issues
","I am very disoppointed ,actualy i know ,at the end if infinity war ,they gonna make it mess with ant man and time travel ,hardlu you see other charcters ,the way they make hulk off realy mess",2
mrobles-68408,29 April 2019," Not as epic
","I am very disoppointed ,actualy i know ,at the end if infinity war ,they gonna make it mess with ant man and time travel ,hardlu you see other charcters ,the way they make hulk off realy mess",2
okikazuhiko,2 May 2019," Really?
","I am very disoppointed ,actualy i know ,at the end if infinity war ,they gonna make it mess with ant man and time travel ,hardlu you see other charcters ,the way they make hulk off realy mess",1
aafirules-679-247292,27 April 2019," Dug themselves a hole they couldn't get out of...
","There is no way that I could describe my emotions for this movie. I'm totally speechless. I haven't laughed (even cried) this much in Marvel movie or even in any movie. I'm fully on my emotion, there are so many tears of joy and loss. Amazing story, the acting is outstanding, epic action, great CGI, the best storytelling ever told in a superhero movie, amazing performance. I love it more than 3000.",6
CriticalThinking2,30 April 2019," So much potential lost ....
","There is no way that I could describe my emotions for this movie. I'm totally speechless. I haven't laughed (even cried) this much in Marvel movie or even in any movie. I'm fully on my emotion, there are so many tears of joy and loss. Amazing story, the acting is outstanding, epic action, great CGI, the best storytelling ever told in a superhero movie, amazing performance. I love it more than 3000.",6
francogottardo-42830,27 April 2019," Black Friday CCTV on CGI steroids
","Well first off, Infinity War is one of my favourite movies of all time, and I feel the expectations I had built from that, has impacted how I feel about this movie.",1
madiazartist,26 April 2019," Deadpool was right! I don't want to see another Avengers.
","Well first off, Infinity War is one of my favourite movies of all time, and I feel the expectations I had built from that, has impacted how I feel about this movie.",1
harshalpatil-80547,6 May 2019," All the epicness and efforts of 20 movies ruined with single snap.
","Well first off, Infinity War is one of my favourite movies of all time, and I feel the expectations I had built from that, has impacted how I feel about this movie.",1
martinpeev,28 April 2019," A terrible end to 2.3 phases of great movies
","I am very disoppointed ,actualy i know ,at the end if infinity war ,they gonna make it mess with ant man and time travel ,hardlu you see other charcters ,the way they make hulk off realy mess",1
vanastase,28 April 2019," Overhyped
","I am very disoppointed ,actualy i know ,at the end if infinity war ,they gonna make it mess with ant man and time travel ,hardlu you see other charcters ,the way they make hulk off realy mess",1
neostars-26761,29 April 2019," This movie was bad, really bad.
","I am very disoppointed ,actualy i know ,at the end if infinity war ,they gonna make it mess with ant man and time travel ,hardlu you see other charcters ,the way they make hulk off realy mess",1
ymyuseda,24 April 2019," Absolute Perfection End Game ( Score 10/10 ‚≠ê )
","There is no way that I could describe my emotions for this movie. I'm totally speechless. I haven't laughed (even cried) this much in Marvel movie or even in any movie. I'm fully on my emotion, there are so many tears of joy and loss. Amazing story, the acting is outstanding, epic action, great CGI, the best storytelling ever told in a superhero movie, amazing performance. I love it more than 3000.",10
majoreasy,30 April 2019," Good but a mess in the story department...
","There is no way that I could describe my emotions for this movie. I'm totally speechless. I haven't laughed (even cried) this much in Marvel movie or even in any movie. I'm fully on my emotion, there are so many tears of joy and loss. Amazing story, the acting is outstanding, epic action, great CGI, the best storytelling ever told in a superhero movie, amazing performance. I love it more than 3000.",4
mazeha,4 May 2019," A big disappointment
","Well first off, Infinity War is one of my favourite movies of all time, and I feel the expectations I had built from that, has impacted how I feel about this movie.",1
samugz08,9 May 2019," Worst Movie ever
","Well first off, Infinity War is one of my favourite movies of all time, and I feel the expectations I had built from that, has impacted how I feel about this movie.",1
killerindrag,5 May 2019," Huge Let Down
","Well first off, Infinity War is one of my favourite movies of all time, and I feel the expectations I had built from that, has impacted how I feel about this movie.",1
myd_dyh,29 April 2019," Annoyed & No goose bumps
","I am very disoppointed ,actualy i know ,at the end if infinity war ,they gonna make it mess with ant man and time travel ,hardlu you see other charcters ,the way they make hulk off realy mess",1
natemarks,27 April 2019," Doesn't live up to the hype
","I am very disoppointed ,actualy i know ,at the end if infinity war ,they gonna make it mess with ant man and time travel ,hardlu you see other charcters ,the way they make hulk off realy mess",1
nickgray-12862,27 April 2019," Emotional but bit messy.
","There is no way that I could describe my emotions for this movie. I'm totally speechless. I haven't laughed (even cried) this much in Marvel movie or even in any movie. I'm fully on my emotion, there are so many tears of joy and loss. Amazing story, the acting is outstanding, epic action, great CGI, the best storytelling ever told in a superhero movie, amazing performance. I love it more than 3000.",7
rjcattermole,24 April 2019," The best Marvel Superhero movie ever and also the epic conclusion to the 21 movies in the MCU
","There is no way that I could describe my emotions for this movie. I'm totally speechless. I haven't laughed (even cried) this much in Marvel movie or even in any movie. I'm fully on my emotion, there are so many tears of joy and loss. Amazing story, the acting is outstanding, epic action, great CGI, the best storytelling ever told in a superhero movie, amazing performance. I love it more than 3000.",10
everseescanners,5 May 2019," How i thought this movie should have unravelled....
","Well first off, Infinity War is one of my favourite movies of all time, and I feel the expectations I had built from that, has impacted how I feel about this movie.",1
monks_89,24 April 2019," Perfection
","There is no way that I could describe my emotions for this movie. I'm totally speechless. I haven't laughed (even cried) this much in Marvel movie or even in any movie. I'm fully on my emotion, there are so many tears of joy and loss. Amazing story, the acting is outstanding, epic action, great CGI, the best storytelling ever told in a superhero movie, amazing performance. I love it more than 3000.",10
vert2712,24 April 2019," The zenith of the MCU franchise.
","There is no way that I could describe my emotions for this movie. I'm totally speechless. I haven't laughed (even cried) this much in Marvel movie or even in any movie. I'm fully on my emotion, there are so many tears of joy and loss. Amazing story, the acting is outstanding, epic action, great CGI, the best storytelling ever told in a superhero movie, amazing performance. I love it more than 3000.",9
markolos,29 April 2019," Fans deserved more than this
","There is no way that I could describe my emotions for this movie. I'm totally speechless. I haven't laughed (even cried) this much in Marvel movie or even in any movie. I'm fully on my emotion, there are so many tears of joy and loss. Amazing story, the acting is outstanding, epic action, great CGI, the best storytelling ever told in a superhero movie, amazing performance. I love it more than 3000.",4
jaacy-84600,24 April 2019," Action,Happiness,Sadness and pure joy!
","There is no way that I could describe my emotions for this movie. I'm totally speechless. I haven't laughed (even cried) this much in Marvel movie or even in any movie. I'm fully on my emotion, there are so many tears of joy and loss. Amazing story, the acting is outstanding, epic action, great CGI, the best storytelling ever told in a superhero movie, amazing performance. I love it more than 3000.",10
shivvaid82,5 May 2019," Great work in Infinity War undone
","There is no way that I could describe my emotions for this movie. I'm totally speechless. I haven't laughed (even cried) this much in Marvel movie or even in any movie. I'm fully on my emotion, there are so many tears of joy and loss. Amazing story, the acting is outstanding, epic action, great CGI, the best storytelling ever told in a superhero movie, amazing performance. I love it more than 3000.",3
amazonafreier,4 May 2019," tell me exactly why this 'blockbuster' was good.
","There is no way that I could describe my emotions for this movie. I'm totally speechless. I haven't laughed (even cried) this much in Marvel movie or even in any movie. I'm fully on my emotion, there are so many tears of joy and loss. Amazing story, the acting is outstanding, epic action, great CGI, the best storytelling ever told in a superhero movie, amazing performance. I love it more than 3000.",4
Jonno83,28 April 2019," A need to temper the hype
","There is no way that I could describe my emotions for this movie. I'm totally speechless. I haven't laughed (even cried) this much in Marvel movie or even in any movie. I'm fully on my emotion, there are so many tears of joy and loss. Amazing story, the acting is outstanding, epic action, great CGI, the best storytelling ever told in a superhero movie, amazing performance. I love it more than 3000.",4
rahimiawat,26 April 2019," Disapointing
","There is no way that I could describe my emotions for this movie. I'm totally speechless. I haven't laughed (even cried) this much in Marvel movie or even in any movie. I'm fully on my emotion, there are so many tears of joy and loss. Amazing story, the acting is outstanding, epic action, great CGI, the best storytelling ever told in a superhero movie, amazing performance. I love it more than 3000.",1
ifeachougochukwu,7 May 2019," Slow and terrible movie
","There is no way that I could describe my emotions for this movie. I'm totally speechless. I haven't laughed (even cried) this much in Marvel movie or even in any movie. I'm fully on my emotion, there are so many tears of joy and loss. Amazing story, the acting is outstanding, epic action, great CGI, the best storytelling ever told in a superhero movie, amazing performance. I love it more than 3000.",1
jalidav1980,26 April 2019," Not the Endgame I hoped for
","There is no way that I could describe my emotions for this movie. I'm totally speechless. I haven't laughed (even cried) this much in Marvel movie or even in any movie. I'm fully on my emotion, there are so many tears of joy and loss. Amazing story, the acting is outstanding, epic action, great CGI, the best storytelling ever told in a superhero movie, amazing performance. I love it more than 3000.",6
Mardolin,24 April 2019," A little bit underwhelmed
","There is no way that I could describe my emotions for this movie. I'm totally speechless. I haven't laughed (even cried) this much in Marvel movie or even in any movie. I'm fully on my emotion, there are so many tears of joy and loss. Amazing story, the acting is outstanding, epic action, great CGI, the best storytelling ever told in a superhero movie, amazing performance. I love it more than 3000.",8
mal-cullen,1 May 2019," What a shame
","There is no way that I could describe my emotions for this movie. I'm totally speechless. I haven't laughed (even cried) this much in Marvel movie or even in any movie. I'm fully on my emotion, there are so many tears of joy and loss. Amazing story, the acting is outstanding, epic action, great CGI, the best storytelling ever told in a superhero movie, amazing performance. I love it more than 3000.",1
